Effect,Coefficient
base_rent,0
bedrooms,-44.730332280036428
bathrooms,110.19782722964467
dist_to_park,0
elevation,1.2515479472382034
level,0
age,-2.8185109683527547
garage,0
mean square error of residuals,325446.46335602616
