Effect,Coefficient
adj_sqft,2.3308710000000001
bedrooms,119.13666499999999
bathrooms,308.031094
base_rent,1463.9702914789914
