Effect,Coefficient
base_rent,0
bedrooms,409.20656734388103
bathrooms,591.27263233441795
dist_to_park,42309.98872632446
elevation,11.316109527385974
level,13.940713361040908
age,-1.8626525085614738
garage,-232.87745657104199
mean square error of residuals,690105.97422131547