Effect,Coefficient
base_rent,0
bedrooms,395.68954894990736
bathrooms,566.70557602276926
elevation,9.5542924741852708
level,22.680268813090489
age,5.7075728709704725
garage,585.9233193763431
