Effect,Coefficient
base_rent,0
bedrooms,173.27487338339716
bathrooms,668.83380979269407
dist_to_park,28937.81156673146
elevation,9.3370386018079348
level,27.671365522663589
age,-1.2721655997330183
garage,-32.636843076609395
mean square error of residuals,477977.02866154024
