Effect,Coefficient
base_rent,0
bedrooms,375.96640893547743
bathrooms,549.92621615622625
elevation,9.2594104708969684
level,80.863904957590819
age,6.3457421972358627
garage,539.6562377902352
