Effect,Coefficient
base_rent,0
bedrooms,-79.511817670249243
bathrooms,192.60850165429844
dist_to_park,0
elevation,0.91471996824990731
level,-8.6630811813824646
age,-1.1660284294591419
garage,6.9029415840285147
mean square error of residuals,240820.47848024368
