Effect,Coefficient
base_rent,0
bedrooms,105.32740270437139
bathrooms,377.11204732652902
dist_to_park,0
elevation,32.223449175674098
level,0
age,-11.412540569777775
garage,0
mean square error of residuals,450196.26660561987
