Effect,Coefficient
base_rent,0
bedrooms,485.04835385557675
bathrooms,245.61608421968106
dist_to_park,-753.83560152565042
elevation,-0.75949434711453301
level,9.4352632185241863
age,-0.030223774179163776
garage,-198.62102009884526
mean square error of residuals,803027.85244818707
