Effect,Coefficient
base_rent,1605.3458367661722
bedrooms,373.94382065941164
bathrooms,262.74760617114521
dist_to_park,-0.38624945262792587
elevation,3.5064843970689399
