Effect,Coefficient
base_rent,0
bedrooms,394.40429066959081
bathrooms,575.39044290238439
elevation,9.5377418189256904
level,22.60105386727934
age,5.7148205257385278
garage,619.36856072660555
