Effect,Coefficient
adj_sqft,2.3059069999999999
bedrooms,131.90614400000001
bathrooms,312.77711299999999
base_rent,1476.6999419152085
