Effect,Coefficient
base_rent,0
bedrooms,-25.092917245343553
bathrooms,101.71008054726563
elevation,1.1255806191995221
level,5.2267824374789909
age,-2.2212364722942572
garage,0
mean square error of residuals,96524.762106387847
