Effect,Coefficient
adj_sqft,2.321037
bedrooms,149.972106
bathrooms,285.95470899999998
elevation,0.26462200000000002
dist_to_park,0.19472300000000001
luxury,-744.69624799999997
base_rent,1330.7746554934893
