Effect,Coefficient
base_rent,0
bedrooms,353.66344403541871
bathrooms,661.33851564870997
dist_to_park,41603.076725976774
elevation,9.4125304659404225
level,23.192627305026416
age,-1.807049906112336
garage,-65.036815172829037
mean square error of residuals,498062.18914883788
