Effect,Coefficient
adj_sqft,0.85441100000000003
bedrooms,-143.784796
bathrooms,128.32622499999999
base_rent,167.26477797123471
