Effect,Coefficient
adj_sqft,2.3575949999999999
bedrooms,161.24339599999999
bathrooms,276.63903699999997
base_rent,1432.859448421515
