Effect,Coefficient
base_rent,0
bedrooms,-61.953471301369632
bathrooms,229.53525120588867
dist_to_park,0
elevation,0.96552903888916297
level,0
age,-3.7067054582781944
garage,0
mean square error of residuals,335542.85364512948
